member_number,password,first_name,last_name,gender,day_of_birth,street,postal_code,city,country,phone_number
52,1234,Amber,Owen,male,2012-09-11,P.O. Box 181 1790 Nam Rd.,5520TA,Concord,Estonia,1-169-868-1540
53,1234,Moses,Arnold,female,2012-11-05,6372 At St.,6777YG,Gilette,Cook Islands,1-302-532-1308
54,1234,Caldwell,Dillon,female,2012-01-02,P.O. Box 624 5543 Mauris Street,6542CG,Alexandria,Tokelau,1-222-452-6069
55,1234,Brynne,Waters,male,2011-05-04,P.O. Box 367 6607 Dolor St.,3201WP,Olympia,Cayman Islands,1-791-614-8591
56,1234,Cedric,Atkins,male,2013-04-18,Ap #178-1119 Eget St.,3448TR,Waterloo,Turkmenistan,1-655-724-9853
57,1234,Madonna,Cain,female,2012-12-24,534-3997 Donec Street,1469VB,Iowa City,Pakistan,1-816-761-2437
58,1234,Francesca,Clarke,female,2011-11-25,154-5391 Rhoncus. Av.,4019FQ,North Adams,Cape Verde,1-565-246-7138
59,1234,Ima,Rich,female,2012-05-11,560-7911 Aliquet St.,9877HU,Vincennes,Faroe Islands,1-959-206-7103
60,1234,Trevor,Dennis,male,2011-08-13,Ap #137-8369 Vitae Rd.,4336IG,Kearns,Belgium,1-520-815-7363
61,1234,Alexis,Sanchez,female,2012-05-22,Ap #244-5258 Magna. Ave,6512AN,Olympia,Portugal,1-881-943-9255
62,1234,Zorita,Stone,female,2011-06-11,P.O. Box 803 3307 Risus. Avenue,4427DV,Warwick,Iraq,1-840-529-7240
63,1234,Cassandra,Nash,male,2012-03-25,Ap #915-212 Ac Rd.,9776GG,Tallahassee,American Samoa,1-469-854-8078
64,1234,Rashad,Vaughn,female,2012-10-23,5147 Proin St.,5075LQ,Hilo,Cook Islands,1-364-268-8663
65,1234,Adrian,Larson,female,2013-04-17,P.O. Box 672 6519 Arcu Road,7555EQ,Eatontown,Saint Pierre and Miquelon,1-181-317-7245
66,1234,Barry,Avery,female,2012-04-06,Ap #876-7527 Arcu. St.,0371DI,Rapid City,Norfolk Island,1-539-347-3791
67,1234,Isaac,Conley,male,2013-02-24,Ap #277-7246 Dolor Street,9530RU,Sacramento,Slovenia,1-905-558-4832
68,1234,Christopher,Barry,female,2012-08-08,936-4915 Vivamus Rd.,5631PY,Merced,Netherlands,1-633-424-9708
69,1234,Colt,Summers,female,2012-03-23,P.O. Box 679 4455 Dui. St.,0326XX,Atwater,Bahamas,1-506-269-5010
70,1234,Alan,Tyson,female,2011-10-12,1034 Euismod St.,0324BG,Springdale,Fiji,1-971-986-9485
71,1234,Hadassah,Gibson,male,2011-06-15,Ap #490-4213 Mus. Road,5361KZ,Hopkinsville,Tunisia,1-167-455-5532
72,1234,Julian,Reeves,female,2012-07-20,758-6545 Quisque St.,3019QN,Murray,Slovenia,1-952-868-6941
73,1234,Keith,Weiss,female,2012-06-02,P.O. Box 840 5543 Lorem Rd.,2299RB,Boston,Netherlands,1-762-557-7445
74,1234,Adrian,Holland,male,2012-03-05,5692 Sit Avenue,4759CU,Dover,Bahamas,1-791-858-4739
75,1234,Kimberly,Bernard,female,2011-07-26,483-6347 Eget Rd.,3511ZW,Paramount,United States,1-941-110-1969
76,1234,Hunter,Hancock,female,2012-07-26,840-9254 Cras Avenue,2367TG,Tucson,Taiwan, Province of China,1-375-279-3714
77,1234,Troy,Cameron,female,2012-07-02,312-9661 Lectus Rd.,6736AR,Greensburg,South Georgia and The South Sandwich Islands,1-467-385-8028
78,1234,Hedda,Adkins,male,2013-01-18,P.O. Box 946 8199 Egestas. Avenue,4068SK,Carson City,Guyana,1-587-323-0515
79,1234,Gay,Curtis,male,2012-01-11,Ap #224-4689 Sem Rd.,2449VO,McKeesport,New Caledonia,1-397-645-3686
80,1234,Myra,Gilbert,male,2012-01-09,P.O. Box 942 8471 Tempor Ave,6913GO,Sioux City,Burundi,1-436-166-7203
81,1234,Kyla,Randolph,female,2012-02-18,Ap #194-6331 Dolor Road,1508GA,Atlantic City,Myanmar,1-364-498-1947
82,1234,Price,Morris,male,2012-08-07,Ap #367-4489 Consequat St.,8560TF,Baltimore,Netherlands,1-506-132-4723
83,1234,Shelley,Dennis,male,2011-12-11,483-1261 Nulla. Avenue,9400FP,North Charleston,Denmark,1-382-923-5378
84,1234,Seth,Hutchinson,female,2013-02-06,902-9246 Mauris Street,2348IW,Thibodaux,Greenland,1-149-478-6710
85,1234,Finn,Jackson,male,2012-07-27,P.O. Box 372 4713 Curabitur Street,6340QT,Lake Charles,Lesotho,1-133-548-4862
86,1234,Isabella,Good,female,2012-01-10,1648 Felis Ave,1316VV,Worland,Djibouti,1-860-311-6451
87,1234,Galena,Alston,male,2012-09-10,388-6666 Aliquam Street,9598RI,Aliso Viejo,French Southern Territories,1-282-469-3904
88,1234,Macaulay,Lancaster,female,2012-08-23,P.O. Box 707 8228 Ac Av.,0108DN,South Burlington,Western Sahara,1-219-528-8647
89,1234,Allistair,Hudson,male,2013-02-11,634-8147 Molestie St.,6490NC,Auburn Hills,India,1-352-274-2360
90,1234,Cadman,Gonzalez,male,2012-01-28,6499 A Road,0958BE,Hampton,American Samoa,1-291-333-8556
91,1234,Xyla,Riley,male,2011-12-25,P.O. Box 115 3672 Orci Av.,4363KO,Sheridan,France,1-606-625-7480
92,1234,Evan,House,male,2013-01-12,894-957 Porttitor Road,9159NY,Methuen,Spain,1-416-676-3388
93,1234,Arden,Griffith,male,2012-05-22,P.O. Box 795 6128 Est Ave,1474MV,Yakima,Iceland,1-499-220-8974
94,1234,Drake,Bradley,female,2013-01-09,9405 Purus. St.,4100UG,Manchester,Madagascar,1-693-636-5388
95,1234,Howard,Odom,male,2012-02-18,P.O. Box 345 5681 Cursus. St.,4317TJ,San Dimas,Saudi Arabia,1-203-762-0367
96,1234,Tana,Barnes,male,2012-04-21,610-6344 Tempus Rd.,6909II,Brooklyn Park,Australia,1-148-868-1354
97,1234,Galena,Stokes,female,2011-11-08,P.O. Box 675 5253 Quis Ave,8023TD,Glendora,Norway,1-567-572-3582
98,1234,Nelle,Cobb,male,2011-05-23,Ap #334-5837 Integer Rd.,4290DB,Fajardo,Kenya,1-847-594-2414
99,1234,Ruth,Pennington,female,2013-03-07,Ap #887-5555 Fusce Road,5860GW,Wilmington,Estonia,1-905-489-2396
100,1234,Kirk,Grant,male,2011-05-18,Ap #478-2563 Orci St.,9150RI,Pine Bluff,Papua New Guinea,1-656-857-4054
101,1234,Daria,Singleton,female,2013-01-26,Ap #794-4576 Ante Road,3813WF,Somersworth,Tonga,1-915-671-2679
102,1234,Alden,Potter,male,2011-08-24,771-9041 Sed Avenue,4622AC,Haverhill,Georgia
103,1234,Ursula,Mckay,female,2011-12-26,474-1100 Ac Rd.,5373IT,Aurora,South Georgia and The South Sandwich Islands
104,1234,Cassidy,Austin,female,2013-03-28,3445 Nunc Avenue,1662ZY,Carson City,Mongolia
105,1234,Bert,Wheeler,female,2011-07-22,P.O. Box 600 9602 Nulla. Road,2280IS,Columbia,Greece
106,1234,Stella,Brock,female,2012-03-27,9353 Lacinia Road,4104HQ,Macon,Dominican Republic
107,1234,Nora,Wiley,male,2011-08-09,Ap #516-8035 Enim. Rd.,3810AN,Tuscaloosa,Bolivia
108,1234,Ray,Pate,male,2013-04-18,Ap #226-7923 Fermentum Rd.,5020IZ,Baldwin Park,Uzbekistan
109,1234,Tana,Mcbride,male,2011-05-05,721-2050 Morbi Road,7206IW,Gloucester,Switzerland
110,1234,Kelsey,Witt,female,2012-10-12,P.O. Box 312 8519 Sociis Ave,3133DG,Wausau,Palau
111,1234,Levi,Gardner,female,2012-01-19,Ap #110-7270 Adipiscing. Rd.,6069XE,Westminster,Guadeloupe
112,1234,Sarah,Powers,female,2012-06-15,3919 Turpis Rd.,1794SO,Alpharetta,Anguilla
113,1234,Marvin,Foster,male,2011-10-22,136-9590 Eu Street,6928XO,Oak Ridge,Nigeria
114,1234,Aidan,Perez,female,2011-09-13,P.O. Box 120 8590 Neque St.,4544PD,Rolling Hills Estates,Bulgaria
115,1234,Illiana,Blanchard,female,2012-07-23,Ap #214-9795 Sed St.,9845NM,Franklin,San Marino
116,1234,Fulton,Hernandez,male,2012-09-19,Ap #821-8310 Lobortis Street,2420OS,Bradford,Venezuela
117,1234,Cassady,Cantrell,male,2012-12-07,Ap #315-180 Amet St.,8551IX,Mesa,Belarus
118,1234,Dennis,Schultz,male,2012-09-19,3308 Diam. Rd.,1368LP,Avalon,Morocco
119,1234,Diana,Glover,male,2012-04-04,Ap #950-4231 Ultrices. Rd.,5554CR,Paducah,United States
120,1234,Hope,Potter,male,2011-10-01,Ap #541-4154 Mi St.,3884LD,Rome,Chad
121,1234,Abraham,Gonzales,male,2011-09-09,P.O. Box 517 3333 Suspendisse Ave,8445JV,Fall River,Virgin Islands, U.S.
122,1234,Briar,Glover,male,2012-05-03,9865 At Ave,8409EG,Weirton,Macedonia
123,1234,Cameron,Thornton,female,2012-06-03,Ap #157-2492 Ligula. Road,4742CK,Huntsville,Ireland
124,1234,April,Atkins,female,2011-08-15,7995 Eget St.,8751RC,Farmington,Montserrat
125,1234,Hector,Medina,male,2013-04-04,P.O. Box 156 1505 Aliquam Ave,5409VM,Williston,Swaziland
126,1234,Miranda,Wilcox,male,2011-07-04,421-5115 Nibh Ave,4197UJ,Hornell,Rwanda
127,1234,Grady,Blackburn,male,2011-09-18,9241 Sed St.,9844VI,Chicago,Senegal
128,1234,Cassidy,Mooney,male,2011-11-05,P.O. Box 369 4942 Bibendum. Avenue,2206RU,Williamsport,Saint Kitts and Nevis
129,1234,Noah,Hawkins,male,2012-12-06,Ap #659-1692 Donec Street,1932TO,Tupelo,French Polynesia
130,1234,Zena,Thornton,female,2011-12-28,Ap #595-6669 Libero Road,1341CD,Mason City,Armenia
131,1234,Quinn,Sosa,male,2011-07-18,Ap #547-9965 Fringilla St.,7766BQ,Minnetonka,Ireland
132,1234,Tucker,Welch,female,2013-01-11,Ap #667-9579 Nisi Rd.,7023CA,Chula Vista,Romania
133,1234,Idona,Collins,female,2012-09-04,Ap #713-9414 Risus. St.,3079LS,Tallahassee,Korea, Republic of
134,1234,Carly,Kim,female,2013-01-15,607-5020 Elit Rd.,8550IZ,Derby,Saint Kitts and Nevis
135,1234,Tatum,Herring,female,2011-12-03,939-3657 Nunc Road,8797GB,Derby,Indonesia
136,1234,Sophia,Oneal,male,2011-11-19,P.O. Box 373 7683 Eleifend St.,3075VR,Worland,Bermuda
137,1234,Demetria,Glenn,male,2011-07-29,Ap #138-4967 Felis. Ave,7770EP,Peekskill,Swaziland
138,1234,Alana,Stephenson,female,2011-12-08,6721 Sociis Rd.,6253FQ,Montebello,Micronesia
139,1234,Cassandra,Richardson,female,2012-08-13,5638 Massa. Av.,5256WH,Mandan,Tonga
140,1234,Cally,Mcmahon,female,2011-06-22,5127 Tellus Rd.,1043SA,Waltham,Syrian Arab Republic
141,1234,Reed,Curry,male,2013-03-05,267-5106 Leo Avenue,7140SJ,Corry,Gambia
142,1234,Linus,Workman,male,2012-04-08,6260 Mattis Rd.,3923XC,College Station,Bulgaria
143,1234,Sydney,Rogers,female,2012-04-08,Ap #848-7496 Eget Avenue,3757ZV,Fort Worth,Yemen
144,1234,Mariam,Rowland,female,2013-04-25,P.O. Box 937 4111 Cursus Road,3335MH,Flagstaff,Mongolia
145,1234,John,English,female,2013-01-28,P.O. Box 677 8156 Ligula. St.,3846UB,Kettering,Faroe Islands
146,1234,Lisandra,Stevens,female,2012-10-04,Ap #871-6088 Cras Street,3026RT,Vineland,Tanzania, United Republic of
147,1234,Aurelia,Waters,male,2013-03-18,158-5767 In Ave,7391RN,Auburn,Western Sahara
148,1234,Amos,Galloway,male,2012-01-30,Ap #345-9962 Nunc Avenue,9668NR,Saukville,Italy
149,1234,Holly,May,male,2012-02-24,1984 Ipsum St.,6311KE,Duarte,Reunion
150,1234,Penelope,Carrillo,male,2011-09-19,Ap #269-3616 Eu Road,7284AG,Tonawanda,Myanmar
151,1234,Carol,Guerra,male,2011-09-12,645-9204 Nec Rd.,7360BJ,Colorado Springs,Poland
152,1234,Nadine,Mcmahon,female,2012-07-08,Ap #708-1905 Tincidunt Avenue,1270VY,Jenks,Mexico,dolor.sit.amet@nisimagnased.ca
153,1234,Eden,Elliott,female,2011-05-25,320-4935 Libero Street,9038BA,Latrobe,Djibouti,nascetur.ridiculus@nislarcu.org
154,1234,Doris,Davenport,female,2012-08-22,P.O. Box 716 5545 Pellentesque St.,9828DO,Bradford,Myanmar,semper.rutrum@ipsumnuncid.ca
155,1234,Portia,Waller,female,2011-09-03,4599 Nec Rd.,6798OB,West Lafayette,El Salvador,Aliquam.auctor@neque.com
156,1234,Barry,Lowery,male,2011-07-21,309-8528 Mauris St.,0624PR,Holyoke,Bahamas,iaculis.odio@orcisemeget.ca
157,1234,Griffith,Jensen,male,2012-11-17,8579 Vel St.,1909DF,Falls Church,Guyana,Cras@magnisdis.ca
158,1234,Solomon,Fisher,female,2012-12-05,3486 Luctus Road,2257DD,Sheboygan,Western Sahara,dignissim.lacus.Aliquam@nibh.com
159,1234,Allen,Booth,male,2012-03-06,Ap #890-9141 Pede. Rd.,6760AA,Vacaville,Haiti,augue@nislNulla.ca
160,1234,Preston,Shaffer,male,2011-07-13,P.O. Box 868 7777 Sed Av.,8812IW,Bismarck,Denmark,in@et.ca
161,1234,Amos,Walton,male,2013-02-15,719 Mauris St.,7865OM,Normal,Ireland,aliquet@cursus.com
162,1234,Keaton,Hogan,female,2012-01-20,411-6799 Metus Rd.,1728EJ,Prescott,Croatia,dis@Quisque.edu
163,1234,Lucy,Evans,male,2012-07-13,3550 Eu Rd.,1802MS,Oro Valley,Suriname,hendrerit.a@Donecfeugiatmetus.edu
164,1234,Ross,Farrell,male,2012-02-23,Ap #153-5407 Enim. Rd.,1178EI,Opelousas,Malaysia,fringilla.mi.lacinia@elitCurabitur.edu
165,1234,Tatiana,Pickett,male,2011-08-07,Ap #742-2567 In St.,5540AF,Calabasas,Mauritius,Cras.lorem.lorem@idblanditat.edu
166,1234,Tamara,Shaffer,male,2012-05-30,Ap #841-7861 Phasellus Av.,7534QC,Clarksburg,Timor-leste,euismod.est.arcu@nectempus.ca
167,1234,Iona,Newton,male,2011-10-19,P.O. Box 734 8970 Interdum Road,5790NM,Simi Valley,Fiji,Integer@augueporttitorinterdum.edu
168,1234,Iona,Levy,female,2011-12-10,7366 Aenean Rd.,6165EB,Pulaski,Tanzania, United Republic of,non.leo.Vivamus@semmagna.ca
169,1234,Jescie,Clemons,female,2011-05-29,887-2806 Ornare Rd.,8740AZ,Ypsilanti,Samoa,magna.nec.quam@quispedePraesent.com
170,1234,Blaine,Oneill,male,2011-10-06,4526 Imperdiet Rd.,8941GY,Normal,Botswana,Praesent@Cras.ca
171,1234,Blaze,Wiley,male,2013-01-09,7801 Mollis Ave,5072AT,Torrington,Ukraine,lobortis@semperNamtempor.org
172,1234,Urielle,Hale,male,2012-12-14,1151 Magna Rd.,8067BS,Lubbock,Zimbabwe,Curabitur.dictum@gravidamolestie.ca
173,1234,Serina,Lindsey,male,2012-02-03,9452 Suspendisse Rd.,0614HS,Wahoo,Burkina Faso,bibendum.Donec.felis@Morbiaccumsanlaoreet.edu
174,1234,Oren,Weeks,male,2012-05-17,491-5319 Velit. Avenue,4331CV,Baton Rouge,Austria,feugiat@sodalesMaurisblandit.org
175,1234,Winter,Soto,male,2011-11-06,649 Sed Rd.,0757AM,Belpre,Korea, Republic of,libero.lacus.varius@loremauctorquis.edu
176,1234,acqueline,Johns,female,2013-02-22,P.O. Box 266 2285 Quis Rd.,7112HU,Connellsville,Greece,Mauris.vel@in.ca
177,1234,Carissa,Gentry,female,2013-04-17,5033 Venenatis Street,2412OS,Gulfport,Saint Helena,urna.convallis.erat@egestasa.org
178,1234,Patrick,Harrison,male,2012-01-31,1491 Sollicitudin Ave,7100FQ,Huntsville,Cameroon,enim@natoquepenatibus.com
179,1234,Macy,Copeland,male,2012-03-10,6050 Non Avenue,0314WD,Centennial,Saint Lucia,aliquam@aliquetProin.edu
180,1234,Lael,Mcfarland,male,2011-12-05,844 Auctor Ave,4376IS,New Kensington,Dominica,facilisis@nascetur.edu
181,1234,Mikayla,Larson,female,2011-11-13,Ap #845-7674 Ac Street,8365HJ,Hagerstown,Heard Island and Mcdonald Islands,lorem.eu@sitametlorem.org
182,1234,Ariel,Tillman,female,2013-01-25,P.O. Box 611 8566 Pede St.,2370QL,Thomasville,Iran, Islamic Republic of,consequat.auctor@cursusIntegermollis.com
183,1234,Anika,Howard,male,2011-05-14,251-1273 Diam Avenue,2015FH,Bremerton,Belarus,ultricies.dignissim.lacus@etrutrum.com
184,1234,Blaze,Vinson,female,2011-12-05,P.O. Box 346 4691 Nisl. Road,3997VM,Visalia,Uruguay,molestie.sodales@malesuadamalesuadaInteger.org
185,1234,Christian,Sims,male,2012-01-05,P.O. Box 763 758 Duis Rd.,8983JY,North Tonawanda,Svalbard and Jan Mayen,odio@egetdictumplacerat.org
186,1234,Leslie,Perez,male,2011-09-25,5228 Praesent St.,5753ZD,Louisville,Romania,enim@Maurisvel.ca
187,1234,Wang,Mccarty,male,2012-10-04,P.O. Box 608 1943 Dictum Road,3719IH,Santa Fe,Suriname,sodales@Nullamsuscipit.org
188,1234,Kirestin,Potter,female,2012-02-07,875-1459 Orci Avenue,8714DI,Wheaton,Ghana,Mauris.ut.quam@Pellentesque.edu
189,1234,Iona,Cantrell,female,2011-10-23,854-7631 Arcu. St.,3436LP,Martinsburg,Mexico,sodales.at.velit@imperdiet.org
190,1234,Iola,Gallagher,male,2012-01-03,8827 Phasellus St.,2302PE,Oshkosh,Italy,Proin.dolor.Nulla@Donecfelisorci.edu
191,1234,Justin,Stewart,male,2012-03-23,Ap #449-7384 Egestas Rd.,1188YX,Sioux Falls,South Georgia and The South Sandwich Islands,morbi.tristique.senectus@mauris.com
192,1234,Palmer,Abbott,female,2012-09-26,136 Augue Avenue,8524OS,Annapolis,United Arab Emirates,dignissim.tempor@Phasellus.com
193,1234,Ursula,Martinez,female,2011-11-15,P.O. Box 845 5354 Interdum Road,1291LW,Warren,Kazakhstan,aliquet@eleifendnondapibus.com
194,1234,Justina,Durham,female,2011-12-06,5186 Est Ave,2496FH,Rancho Santa Margarita,Antarctica,lorem.fringilla.ornare@ipsum.org
195,1234,Hadassah,Long,female,2011-08-27,Ap #170-9484 Auctor Avenue,3456XG,Lexington,India,dolor.sit@ultricessitamet.com
196,1234,Anastasia,Ruiz,female,2011-05-18,2890 Odio. Rd.,3628YG,New London,Argentina,id@nequevenenatis.com
197,1234,Alana,Luna,male,2012-05-14,371-8056 Penatibus Avenue,7868YG,Northampton,Cuba,scelerisque.sed.sapien@mollisvitaeposuere.ca
198,1234,Savannah,Kidd,male,2012-04-07,332-3612 Nulla Ave,2967WY,Boulder City,Norway,Integer.eu.lacus@aliquetlibero.org
199,1234,Jaime,Nunez,female,2012-03-20,595-9052 Penatibus Rd.,3472CF,Lufkin,Kiribati,Duis@auctornunc.org
200,1234,Constance,Page,male,2013-03-20,462-8990 Tempor Rd.,8545GT,Billings,Bulgaria,scelerisque@duiin.org
201,1234,Marshall,Andrews,female,2012-09-23,P.O. Box 517 8931 Sed St.,6535BV,Wichita Falls,Virgin Islands, British,feugiat.tellus.lorem@lacusNulla.com
2,1234,Mariko,Brennan,male,2012-10-11,210-5020 Pede. St.,9191AL,Spokane Valley,Ghana,1-344-472-6241,Ut.tincidunt@gravidaPraesenteu.org
3,1234,Steven,Bullock,female,2011-08-30,Ap #631-431 Ipsum Road,7977KO,Bowie,Paraguay,1-150-886-1285,Donec@auctorvitaealiquet.org
4,1234,Robin,Hurst,male,2013-03-29,P.O. Box 320 6202 Eu St.,1376XV,Forrest City,Virgin Islands, British,1-438-209-4957,faucibus.orci@sedsapienNunc.edu
5,1234,Clinton,Morin,female,2011-09-01,908-7925 Morbi Av.,2531IP,Branson,Portugal,1-999-193-9414,nisi.sem.semper@scelerisquedui.edu
6,1234,Caesar,Wyatt,female,2012-04-17,790-1907 Leo. Rd.,2466CT,Geneva,Armenia,1-720-669-1748,dolor.dapibus.gravida@risusat.edu
7,1234,Kimberly,Cote,female,2012-11-30,2294 Quam Rd.,0767UL,Asbury Park,Sri Lanka,1-228-898-9727,lorem.semper@neque.com
8,1234,Scott,Hicks,female,2012-12-28,P.O. Box 188 9407 Nibh. Avenue,8695BY,Jeffersonville,Costa Rica,1-230-219-8462,Maecenas.mi@semsemper.ca
9,1234,Tamekah,Cox,male,2012-01-09,Ap #772-5195 Elit Street,3414JO,Norwalk,Micronesia,1-867-155-5281,tempus@Aliquam.edu
10,1234,Declan,Mathews,male,2012-11-01,Ap #176-8665 Enim Street,5058PE,Jersey City,Kuwait,1-815-460-6517,Mauris.non.dui@quispedeSuspendisse.com
11,1234,Demetria,Vega,female,2012-07-28,P.O. Box 493 7374 Donec Rd.,4240LX,Little Rock,Ecuador,1-106-702-2200,quam.dignissim@ornaretortorat.ca
12,1234,Unity,Wells,male,2012-04-04,3081 Tempor St.,4524ZD,West Memphis,Denmark,1-298-901-1212,risus.Quisque.libero@augue.ca
13,1234,Camille,Mccarty,female,2012-12-15,121-3897 Donec Ave,5525SG,Santa Ana,Thailand,1-268-380-5022,purus.in.molestie@sagittisNullamvitae.org
14,1234,Indigo,Chapman,female,2013-03-31,535-3757 Aliquam Rd.,0657WI,Oak Ridge,Belize,1-143-848-8607,nibh@nonummyultricies.com
15,1234,Micah,Cervantes,female,2013-02-27,5981 Vestibulum Rd.,0207CJ,Kennewick,Congo,1-495-234-0058,ante@a.ca
16,1234,Zephania,Copeland,female,2012-12-24,831-2455 Nec Ave,0211QO,Hartford,Western Sahara,1-592-832-8801,orci@Mauris.com
17,1234,Gretchen,Joseph,male,2011-08-21,409-704 Mollis Ave,6162SA,Cranston,Central African Republic,1-949-368-1794,purus@magnaNam.org
18,1234,Bryar,Conway,male,2013-02-08,9531 Varius Rd.,5178VU,Akron,Afghanistan,1-749-108-1886,rutrum@leo.org
19,1234,Jakeem,Ruiz,female,2012-04-04,P.O. Box 371 5594 Lacus. Road,4352DN,East Rutherford,Sweden,1-928-110-9979,habitant@nisidictum.org
20,1234,Fuller,Potter,male,2013-01-11,P.O. Box 390 6185 Tristique Av.,6187RC,New Kensington,New Zealand,1-446-555-4354,quam.elementum@lacus.com
21,1234,Pandora,Reynolds,female,2011-07-02,317-5297 Vel Avenue,3380LM,Pittsfield,Slovakia,1-932-697-8412,gravida.sagittis@ultricies.ca
22,1234,Tana,Austin,male,2013-03-10,3559 Felis Rd.,1742EZ,Vicksburg,Virgin Islands, U.S.,1-932-529-4706,luctus@metussitamet.edu
23,1234,Melanie,Carroll,male,2012-12-17,851-2461 Neque. Rd.,5787ST,Pittston,Oman,1-192-486-0923,lacus@eleifendvitae.org
24,1234,Lesley,Battle,female,2012-02-25,4726 Luctus Rd.,5192WS,Winooski,Marshall Islands,1-797-173-1754,non.ante.bibendum@Aliquamrutrumlorem.com
25,1234,Keefe,Haynes,female,2011-07-13,301-219 Sagittis. Avenue,4922RG,Sioux City,Israel,1-255-997-7527,enim@diam.org
26,1234,Jenette,Talley,female,2013-03-15,Ap #450-3535 Aliquam Road,3630XE,Johnstown,Azerbaijan,1-790-767-2843,enim@pretiumnequeMorbi.edu
27,1234,Odysseus,Cannon,female,2011-08-16,4204 Fames Av.,1021YK,Moscow,Yemen,1-250-928-1135,Aliquam@Integervulputate.ca
28,1234,Beatrice,Arnold,female,2012-01-09,P.O. Box 617 6738 Praesent Av.,6845HB,Marietta,Korea,1-653-835-9601,lectus.a@Sed.org
29,1234,Amos,Rosales,male,2012-12-29,P.O. Box 580 2519 Vel Avenue,4736TY,Chico,Guam,1-552-801-5030,Sed.diam@etlibero.com
30,1234,Erin,Miller,female,2012-11-19,4963 Cras Av.,2119YA,Binghamton,French Polynesia,1-565-466-8609,velit@dolorDonec.ca
31,1234,Quinn,Randolph,female,2011-08-28,5128 Sapien Rd.,1740QM,Catskill,Uzbekistan,1-174-431-2012,lectus@acrisusMorbi.com
32,1234,Jared,Britt,female,2012-11-04,991-574 Aliquet Ave,6453ZS,Forrest City,Virgin Islands, U.S.,1-573-896-9181,vestibulum.Mauris.magna@cursusa.edu
33,1234,Madeline,Moreno,male,2011-05-05,Ap #449-5714 Consectetuer St.,8158WV,Seaford,Greenland,1-612-581-6634,mi@risusDonec.com
34,1234,Clinton,Roman,male,2011-08-06,P.O. Box 834 4925 Luctus Street,9088WS,Clarksville,Latvia,1-930-757-3816,est.arcu@nisiAeneaneget.ca
35,1234,Noel,Stephens,female,2012-09-21,4960 Elit. St.,9597KS,West Hartford,Taiwan, Province of China,1-638-386-7673,Duis@sollicitudin.com
36,1234,Yuli,Faulkner,male,2011-09-30,Ap #529-4237 Ipsum Street,9423CE,Dunkirk,Portugal,1-510-477-0503,lacus.Aliquam.rutrum@Quisqueaclibero.com
37,1234,Arden,Stevenson,female,2012-12-22,8062 Nam Road,7201IH,Isle of Palms,Antigua and Barbuda,1-850-237-2885,Mauris.non.dui@dolorDonec.org
38,1234,Isabella,Young,male,2011-09-26,Ap #669-2507 Elit Road,8361PB,Cortland,India,1-625-908-7945,dui@Nunccommodo.edu
39,1234,Mason,Manning,female,2013-04-08,Ap #357-6963 Sed Street,6372JX,Normal,Zimbabwe,1-229-206-1422,magna@enimnectempus.org
40,1234,Karina,Lewis,male,2012-09-21,4446 Sed Street,4746DK,Garden Grove,Cambodia,1-650-757-9091,Pellentesque@arcu.com
41,1234,Marny,Dunn,male,2013-02-26,Ap #845-2705 Nisl. Rd.,5787DF,Topeka,Paraguay,1-794-373-3656,Cum.sociis@metus.com
42,1234,Leigh,Petty,male,2012-03-15,Ap #404-6582 A Rd.,0582TU,Tustin,Liechtenstein,1-738-571-1276,non.egestas.a@ullamcorpernisl.org
43,1234,Cody,Acosta,male,2012-07-09,P.O. Box 391 6790 Sit Rd.,8546II,Brunswick,Belize,1-795-417-7937,magna@quamdignissimpharetra.edu
44,1234,acqueline,Joyce,male,2013-03-02,P.O. Box 294 7805 Ante Rd.,7151MR,Corry,Chile,1-676-743-6806,scelerisque.sed.sapien@insodales.edu
45,1234,Sydney,Lindsey,male,2012-12-19,2588 Sodales Rd.,5406YT,Terre Haute,Bolivia,1-467-110-7914,turpis.non.enim@risusDonecnibh.edu
46,1234,Olga,Bartlett,male,2012-01-08,Ap #504-1890 Auctor. Rd.,8288ZS,Vail,Guadeloupe,1-464-562-5862,luctus.felis.purus@Praesenteunulla.edu
47,1234,Rajah,Ware,female,2012-02-02,6109 Lectus Rd.,7855WG,Lakewood,Croatia,1-616-288-6658,metus.eu@auctornunc.com
48,1234,Halla,Osborne,male,2012-10-08,Ap #468-8970 Eu St.,2481RI,Guánica,Falkland Islands (Malvinas),1-504-390-8494,penatibus.et@Suspendisse.ca
49,1234,Ulla,Hickman,male,2012-12-18,P.O. Box 127 2738 Aenean Avenue,4151MW,Hidden Hills,Turks and Caicos Islands,1-981-880-2757,convallis@felisNulla.org
50,1234,Thane,Swanson,male,2012-05-31,1469 Metus. Avenue,3284TT,San Francisco,Norfolk Island,1-758-549-7244,primis.in@urnaNuncquis.ca
51,1234,Steven,Mckee,male,2013-01-13,Ap #895-9646 Sed Rd.,1838QC,Marshfield,Fiji,1-737-225-3798,arcu.Sed.et@adipiscingenim.ca
